{
    "info": {
        "name": "Villa API",
        "_postman_id": "12345",
        "schema": "https://schema.getpostman.com/json/collection/v2.1.0/collection.json"
    },
    "item": [
        {
            "name": "Get All Villas",
            "request": {
                "method": "GET",
                "url": {
                    "raw": "http://localhost/backend/index.php",
                    "protocol": "http",
                    "host": ["localhost"],
                    "path": ["backend", "index.php"]
                }
            }
        },
        {
            "name": "Add Villa",
            "request": {
                "method": "POST",
                "header": [
                    {
                        "key": "Content-Type",
                        "value": "application/json"
                    }
                ],
                "url": {
                    "raw": "http://localhost/backend/index.php",
                    "protocol": "http",
                    "host": ["localhost"],
                    "path": ["backend", "index.php"]
                },
                "body": {
                    "mode": "raw",
                    "raw": "{ \"name\": \"New Villa\", \"location\": \"Lombok\", \"price\": 200, \"description\": \"Luxury villa with a private pool.\" }"
                }
            }
        },
        {
            "name": "Update Villa",
            "request": {
                "method": "PUT",
                "header": [
                    {
                        "key": "Content-Type",
                        "value": "application/x-www-form-urlencoded"
                    }
                ],
                "url": {
                    "raw": "http://localhost/backend/index.php",
                    "protocol": "http",
                    "host": ["localhost"],
                    "path": ["backend", "index.php"]
                },
                "body": {
                    "mode": "raw",
                    "raw": "name=New Villa&location=Bali&price=300&description=Updated description"
                }
            }
        },
        {
            "name": "Delete Villa",
            "request": {
                "method": "DELETE",
                "header": [
                    {
                        "key": "Content-Type",
                        "value": "application/x-www-form-urlencoded"
                    }
                ],
                "url": {
                    "raw": "http://localhost/backend/index.php",
                    "protocol": "http",
                    "host": ["localhost"],
                    "path": ["backend", "index.php"]
                },
                "body": {
                    "mode": "raw",
                    "raw": "name=New Villa"
                }
            }
        }
    ]
}
