{
    "info": {
      "name": "PAWON API",
      "description": "CRUD API for managing recipes",
      "schema": "https://schema.getpostman.com/json/collection/v2.1.0/collection.json"
    },
    "item": [
      {
        "name": "Get Recipes",
        "request": {
          "method": "GET",
          "url": "http://localhost/backend/api/api.php?type=read"
        }
      },
      {
        "name": "Add Recipe",
        "request": {
          "method": "POST",
          "url": "http://localhost/backend/api/api.php",
          "body": {
            "mode": "raw",
            "raw": "{ \"id\": 3, \"name\": \"Bakso\", \"description\": \"Bakso dengan kuah segar\", \"image\": \"https://via.placeholder.com/300\" }"
          }
        }
      }
    ]
  }
  